,name,price,top_prize,remaining_top_prizes,chances_to_win,game_start_date,last_date_to_claim,probability,prize_amount,prize_start_num,prize_remaining_num
0,"$10,000 Ca$h",10.0,10000.0,123,27,09/18/2023,,3.42,10000.0,132,123
1,"$10,000 Ca$h",10.0,10000.0,123,27,09/18/2023,,3.42,1000.0,50,45
2,"$10,000 Ca$h",10.0,10000.0,123,27,09/18/2023,,3.42,500.0,1529,1424
3,"$10,000 Ca$h",10.0,10000.0,123,27,09/18/2023,,3.42,200.0,2563,2353
4,"$10,000 Ca$h",10.0,10000.0,123,27,09/18/2023,,3.42,100.0,11231,10290
5,"$10,000 Ca$h",10.0,10000.0,123,27,09/18/2023,,3.42,50.0,212444,195326
6,"$10,000 Ca$h",10.0,10000.0,123,27,09/18/2023,,3.42,20.0,133883,123176
7,"$10,000 Ca$h",10.0,10000.0,123,27,09/18/2023,,3.42,15.0,211205,194484
8,"$10,000 Ca$h",10.0,10000.0,123,27,09/18/2023,,3.42,10.0,353343,325730
9,"$100,000 Ca$h",30.0,100000.0,65,43,09/18/2023,,2.79,100000.0,65,65
10,"$100,000 Ca$h",30.0,100000.0,65,43,09/18/2023,,2.79,5000.0,40,39
11,"$100,000 Ca$h",30.0,100000.0,65,43,09/18/2023,,2.79,500.0,17703,17289
12,"$100,000 Ca$h",30.0,100000.0,65,43,09/18/2023,,2.79,200.0,64375,62791
13,"$100,000 Ca$h",30.0,100000.0,65,43,09/18/2023,,2.79,100.0,171250,167021
14,"$100,000 Ca$h",30.0,100000.0,65,43,09/18/2023,,2.79,50.0,223412,217967
15,"$100,000 Ca$h",30.0,100000.0,65,43,09/18/2023,,2.79,40.0,299903,292690
16,"$100,000 Ca$h",30.0,100000.0,65,43,09/18/2023,,2.79,30.0,485658,473847
17,Cash Boom,5.0,50000.0,6,18,09/18/2023,,3.99,50000.0,8,6
18,Cash Boom,5.0,50000.0,6,18,09/18/2023,,3.99,5000.0,14,13
19,Cash Boom,5.0,50000.0,6,18,09/18/2023,,3.99,1000.0,28,27
20,Cash Boom,5.0,50000.0,6,18,09/18/2023,,3.99,500.0,593,547
21,Cash Boom,5.0,50000.0,6,18,09/18/2023,,3.99,250.0,1037,944
22,Cash Boom,5.0,50000.0,6,18,09/18/2023,,3.99,100.0,2941,2718
23,Cash Boom,5.0,50000.0,6,18,09/18/2023,,3.99,50.0,25420,23407
24,Cash Boom,5.0,50000.0,6,18,09/18/2023,,3.99,25.0,74785,68930
25,Cash Boom,5.0,50000.0,6,18,09/18/2023,,3.99,20.0,16763,15403
26,Cash Boom,5.0,50000.0,6,18,09/18/2023,,3.99,15.0,236058,217783
27,Cash Boom,5.0,50000.0,6,18,09/18/2023,,3.99,10.0,734248,677370
28,Deluxe Crossword,5.0,50000.0,7,,09/18/2023,,3.47,50000.0,8,7
29,Deluxe Crossword,5.0,50000.0,7,,09/18/2023,,3.47,10000.0,14,14
30,Deluxe Crossword,5.0,50000.0,7,,09/18/2023,,3.47,1000.0,47,44
31,Deluxe Crossword,5.0,50000.0,7,,09/18/2023,,3.47,150.0,1310,1264
32,Deluxe Crossword,5.0,50000.0,7,,09/18/2023,,3.47,100.0,2290,2158
33,Deluxe Crossword,5.0,50000.0,7,,09/18/2023,,3.47,90.0,5175,4938
34,Deluxe Crossword,5.0,50000.0,7,,09/18/2023,,3.47,75.0,8708,8350
35,Deluxe Crossword,5.0,50000.0,7,,09/18/2023,,3.47,50.0,11537,11009
36,Deluxe Crossword,5.0,50000.0,7,,09/18/2023,,3.47,30.0,64798,61788
37,Deluxe Crossword,5.0,50000.0,7,,09/18/2023,,3.47,20.0,74267,70824
38,Deluxe Crossword,5.0,50000.0,7,,09/18/2023,,3.47,15.0,119715,114144
39,Deluxe Crossword,5.0,50000.0,7,,09/18/2023,,3.47,10.0,358326,341908
40,Deluxe Crossword,5.0,50000.0,7,,09/18/2023,,3.47,5.0,474479,453065
41,"$100,000 Crossword",10.0,100000.0,8,7,08/21/2023,,3.09,100000.0,8,8
42,"$100,000 Crossword",10.0,100000.0,8,7,08/21/2023,,3.09,10000.0,13,12
43,"$100,000 Crossword",10.0,100000.0,8,7,08/21/2023,,3.09,1000.0,32,27
44,"$100,000 Crossword",10.0,100000.0,8,7,08/21/2023,,3.09,500.0,547,455
45,"$100,000 Crossword",10.0,100000.0,8,7,08/21/2023,,3.09,100.0,7768,6393
46,"$100,000 Crossword",10.0,100000.0,8,7,08/21/2023,,3.09,50.0,180538,148783
47,"$100,000 Crossword",10.0,100000.0,8,7,08/21/2023,,3.09,20.0,214102,176350
48,"$100,000 Crossword",10.0,100000.0,8,7,08/21/2023,,3.09,10.0,465145,384461
49,Bonus Bucks,10.0,100000.0,7,20,08/21/2023,,3.27,100000.0,8,7
50,Bonus Bucks,10.0,100000.0,7,20,08/21/2023,,3.27,10000.0,13,10
51,Bonus Bucks,10.0,100000.0,7,20,08/21/2023,,3.27,5000.0,26,21
52,Bonus Bucks,10.0,100000.0,7,20,08/21/2023,,3.27,2000.0,26,20
53,Bonus Bucks,10.0,100000.0,7,20,08/21/2023,,3.27,1000.0,26,21
54,Bonus Bucks,10.0,100000.0,7,20,08/21/2023,,3.27,800.0,322,269
55,Bonus Bucks,10.0,100000.0,7,20,08/21/2023,,3.27,600.0,402,312
56,Bonus Bucks,10.0,100000.0,7,20,08/21/2023,,3.27,500.0,429,340
57,Bonus Bucks,10.0,100000.0,7,20,08/21/2023,,3.27,300.0,402,314
58,Bonus Bucks,10.0,100000.0,7,20,08/21/2023,,3.27,250.0,1341,1079
59,Bonus Bucks,10.0,100000.0,7,20,08/21/2023,,3.27,200.0,1593,1264
60,Bonus Bucks,10.0,100000.0,7,20,08/21/2023,,3.27,150.0,1337,1066
61,Bonus Bucks,10.0,100000.0,7,20,08/21/2023,,3.27,100.0,3158,2491
62,Bonus Bucks,10.0,100000.0,7,20,08/21/2023,,3.27,80.0,2651,2100
63,Bonus Bucks,10.0,100000.0,7,20,08/21/2023,,3.27,70.0,3176,2494
64,Bonus Bucks,10.0,100000.0,7,20,08/21/2023,,3.27,60.0,3964,3138
65,Bonus Bucks,10.0,100000.0,7,20,08/21/2023,,3.27,50.0,126284,99818
66,Bonus Bucks,10.0,100000.0,7,20,08/21/2023,,3.27,30.0,126284,99894
67,Bonus Bucks,10.0,100000.0,7,20,08/21/2023,,3.27,20.0,189367,150023
68,Bonus Bucks,10.0,100000.0,7,20,08/21/2023,,3.27,15.0,189426,150261
69,Bonus Bucks,10.0,100000.0,7,20,08/21/2023,,3.27,10.0,315828,250437
70,Ravens X2,2.0,20000.0,5,10,08/21/2023,,4.04,20000.0,7,5
71,Ravens X2,2.0,20000.0,5,10,08/21/2023,,4.04,5000.0,5,4
72,Ravens X2,2.0,20000.0,5,10,08/21/2023,,4.04,1000.0,15,12
73,Ravens X2,2.0,20000.0,5,10,08/21/2023,,4.04,500.0,214,161
74,Ravens X2,2.0,20000.0,5,10,08/21/2023,,4.04,100.0,1442,1110
75,Ravens X2,2.0,20000.0,5,10,08/21/2023,,4.04,50.0,4763,3657
76,Ravens X2,2.0,20000.0,5,10,08/21/2023,,4.04,20.0,40697,31283
77,Ravens X2,2.0,20000.0,5,10,08/21/2023,,4.04,10.0,63127,48832
78,Ravens X2,2.0,20000.0,5,10,08/21/2023,,4.04,5.0,117794,91794
79,Ravens X2,2.0,20000.0,5,10,08/21/2023,,4.04,3.0,231108,181355
80,Ravens X2,2.0,20000.0,5,10,08/21/2023,,4.04,2.0,321074,252857
81,Ravens X5,5.0,100000.0,6,15,08/21/2023,,3.82,100000.0,7,6
82,Ravens X5,5.0,100000.0,6,15,08/21/2023,,3.82,10000.0,15,11
83,Ravens X5,5.0,100000.0,6,15,08/21/2023,,3.82,1000.0,38,32
84,Ravens X5,5.0,100000.0,6,15,08/21/2023,,3.82,500.0,365,286
85,Ravens X5,5.0,100000.0,6,15,08/21/2023,,3.82,100.0,13259,10379
86,Ravens X5,5.0,100000.0,6,15,08/21/2023,,3.82,50.0,84611,66364
87,Ravens X5,5.0,100000.0,6,15,08/21/2023,,3.82,25.0,114090,89834
88,Ravens X5,5.0,100000.0,6,15,08/21/2023,,3.82,10.0,425945,336906
89,Ravens X5,5.0,100000.0,6,15,08/21/2023,,3.82,5.0,567411,450632
90,$1 Million Royale,20.0,1000000.0,6,32,07/17/2023,,3.04,1000000.0,7,6
91,$1 Million Royale,20.0,1000000.0,6,32,07/17/2023,,3.04,50000.0,7,5
92,$1 Million Royale,20.0,1000000.0,6,32,07/17/2023,,3.04,10000.0,84,69
93,$1 Million Royale,20.0,1000000.0,6,32,07/17/2023,,3.04,5000.0,112,88
94,$1 Million Royale,20.0,1000000.0,6,32,07/17/2023,,3.04,1000.0,448,356
95,$1 Million Royale,20.0,1000000.0,6,32,07/17/2023,,3.04,500.0,4542,3562
96,$1 Million Royale,20.0,1000000.0,6,32,07/17/2023,,3.04,200.0,7306,5729
97,$1 Million Royale,20.0,1000000.0,6,32,07/17/2023,,3.04,100.0,113054,88820
98,$1 Million Royale,20.0,1000000.0,6,32,07/17/2023,,3.04,50.0,169576,133172
99,$1 Million Royale,20.0,1000000.0,6,32,07/17/2023,,3.04,30.0,226122,177869
100,$1 Million Royale,20.0,1000000.0,6,32,07/17/2023,,3.04,25.0,226108,178029
101,$1 Million Royale,20.0,1000000.0,6,32,07/17/2023,,3.04,20.0,367417,289440
102,$600 Cash in Hand,10.0,600.0,4437,25,07/17/2023,,3.5,600.0,7002,4437
103,$600 Cash in Hand,10.0,600.0,4437,25,07/17/2023,,3.5,500.0,528,334
104,$600 Cash in Hand,10.0,600.0,4437,25,07/17/2023,,3.5,200.0,2204,1422
105,$600 Cash in Hand,10.0,600.0,4437,25,07/17/2023,,3.5,100.0,6821,4325
106,$600 Cash in Hand,10.0,600.0,4437,25,07/17/2023,,3.5,50.0,179432,113562
107,$600 Cash in Hand,10.0,600.0,4437,25,07/17/2023,,3.5,20.0,154566,98185
108,$600 Cash in Hand,10.0,600.0,4437,25,07/17/2023,,3.5,15.0,218706,139556
109,$600 Cash in Hand,10.0,600.0,4437,25,07/17/2023,,3.5,10.0,369326,236016
110,Bonus Cash Doubler,5.0,50000.0,5,17,07/17/2023,,3.93,50000.0,8,5
111,Bonus Cash Doubler,5.0,50000.0,5,17,07/17/2023,,3.93,5000.0,11,10
112,Bonus Cash Doubler,5.0,50000.0,5,17,07/17/2023,,3.93,1000.0,25,17
113,Bonus Cash Doubler,5.0,50000.0,5,17,07/17/2023,,3.93,500.0,1150,753
114,Bonus Cash Doubler,5.0,50000.0,5,17,07/17/2023,,3.93,250.0,2211,1457
115,Bonus Cash Doubler,5.0,50000.0,5,17,07/17/2023,,3.93,100.0,4712,3150
116,Bonus Cash Doubler,5.0,50000.0,5,17,07/17/2023,,3.93,50.0,76386,50298
117,Bonus Cash Doubler,5.0,50000.0,5,17,07/17/2023,,3.93,25.0,76408,50385
118,Bonus Cash Doubler,5.0,50000.0,5,17,07/17/2023,,3.93,15.0,166364,109880
119,Bonus Cash Doubler,5.0,50000.0,5,17,07/17/2023,,3.93,10.0,303841,201519
120,Bonus Cash Doubler,5.0,50000.0,5,17,07/17/2023,,3.93,5.0,478658,319776
121,Cash Crush,1.0,1000.0,20,6,07/17/2023,,4.45,1000.0,32,20
122,Cash Crush,1.0,1000.0,20,6,07/17/2023,,4.45,500.0,70,52
123,Cash Crush,1.0,1000.0,20,6,07/17/2023,,4.45,100.0,210,151
124,Cash Crush,1.0,1000.0,20,6,07/17/2023,,4.45,50.0,1211,867
125,Cash Crush,1.0,1000.0,20,6,07/17/2023,,4.45,20.0,7998,5948
126,Cash Crush,1.0,1000.0,20,6,07/17/2023,,4.45,10.0,45369,33850
127,Cash Crush,1.0,1000.0,20,6,07/17/2023,,4.45,5.0,124447,93005
128,Cash Crush,1.0,1000.0,20,6,07/17/2023,,4.45,2.0,344864,261843
129,Cash Crush,1.0,1000.0,20,6,07/17/2023,,4.45,1.0,402192,306694
130,Gold Bar Bingo,5.0,50000.0,7,6,07/17/2023,,3.83,50000.0,8,7
131,Gold Bar Bingo,5.0,50000.0,7,6,07/17/2023,,3.83,10000.0,10,7
132,Gold Bar Bingo,5.0,50000.0,7,6,07/17/2023,,3.83,5000.0,7,5
133,Gold Bar Bingo,5.0,50000.0,7,6,07/17/2023,,3.83,1000.0,130,91
134,Gold Bar Bingo,5.0,50000.0,7,6,07/17/2023,,3.83,500.0,825,603
135,Gold Bar Bingo,5.0,50000.0,7,6,07/17/2023,,3.83,140.0,1143,831
136,Gold Bar Bingo,5.0,50000.0,7,6,07/17/2023,,3.83,100.0,3907,2851
137,Gold Bar Bingo,5.0,50000.0,7,6,07/17/2023,,3.83,50.0,49245,35860
138,Gold Bar Bingo,5.0,50000.0,7,6,07/17/2023,,3.83,25.0,64766,46982
139,Gold Bar Bingo,5.0,50000.0,7,6,07/17/2023,,3.83,20.0,129532,94106
140,Gold Bar Bingo,5.0,50000.0,7,6,07/17/2023,,3.83,10.0,355894,260127
141,Gold Bar Bingo,5.0,50000.0,7,6,07/17/2023,,3.83,5.0,408145,299417
142,Cash Multiplier,5.0,50000.0,4,19,06/19/2023,,3.9,50000.0,8,4
143,Cash Multiplier,5.0,50000.0,4,19,06/19/2023,,3.9,5000.0,15,10
144,Cash Multiplier,5.0,50000.0,4,19,06/19/2023,,3.9,1000.0,28,15
145,Cash Multiplier,5.0,50000.0,4,19,06/19/2023,,3.9,500.0,1490,853
146,Cash Multiplier,5.0,50000.0,4,19,06/19/2023,,3.9,100.0,6043,3519
147,Cash Multiplier,5.0,50000.0,4,19,06/19/2023,,3.9,50.0,76454,44206
148,Cash Multiplier,5.0,50000.0,4,19,06/19/2023,,3.9,25.0,83748,48659
149,Cash Multiplier,5.0,50000.0,4,19,06/19/2023,,3.9,15.0,166366,96458
150,Cash Multiplier,5.0,50000.0,4,19,06/19/2023,,3.9,10.0,305679,178564
151,Cash Multiplier,5.0,50000.0,4,19,06/19/2023,,3.9,5.0,480363,282570
152,Diamond Bingo,3.0,30000.0,6,4,06/19/2023,,3.82,30000.0,7,6
153,Diamond Bingo,3.0,30000.0,6,4,06/19/2023,,3.82,1000.0,126,88
154,Diamond Bingo,3.0,30000.0,6,4,06/19/2023,,3.82,500.0,639,460
155,Diamond Bingo,3.0,30000.0,6,4,06/19/2023,,3.82,100.0,4291,3116
156,Diamond Bingo,3.0,30000.0,6,4,06/19/2023,,3.82,50.0,7256,5226
157,Diamond Bingo,3.0,30000.0,6,4,06/19/2023,,3.82,30.0,37614,27071
158,Diamond Bingo,3.0,30000.0,6,4,06/19/2023,,3.82,15.0,112842,81953
159,Diamond Bingo,3.0,30000.0,6,4,06/19/2023,,3.82,5.0,445614,324796
160,Diamond Bingo,3.0,30000.0,6,4,06/19/2023,,3.82,3.0,376353,275268
161,Ultimate Cash,10.0,100000.0,6,27,06/19/2023,,3.49,100000.0,8,6
162,Ultimate Cash,10.0,100000.0,6,27,06/19/2023,,3.49,50000.0,10,5
163,Ultimate Cash,10.0,100000.0,6,27,06/19/2023,,3.49,10000.0,58,33
164,Ultimate Cash,10.0,100000.0,6,27,06/19/2023,,3.49,1000.0,61,37
165,Ultimate Cash,10.0,100000.0,6,27,06/19/2023,,3.49,500.0,1071,592
166,Ultimate Cash,10.0,100000.0,6,27,06/19/2023,,3.49,200.0,2376,1296
167,Ultimate Cash,10.0,100000.0,6,27,06/19/2023,,3.49,100.0,7730,4240
168,Ultimate Cash,10.0,100000.0,6,27,06/19/2023,,3.49,50.0,216668,118750
169,Ultimate Cash,10.0,100000.0,6,27,06/19/2023,,3.49,20.0,148480,81884
170,Ultimate Cash,10.0,100000.0,6,27,06/19/2023,,3.49,15.0,179246,99415
171,Ultimate Cash,10.0,100000.0,6,27,06/19/2023,,3.49,10.0,349633,194364
172,Hot 7s,1.0,1000.0,20,6,05/22/2023,,4.6,1000.0,32,20
173,Hot 7s,1.0,1000.0,20,6,05/22/2023,,4.6,500.0,70,28
174,Hot 7s,1.0,1000.0,20,6,05/22/2023,,4.6,200.0,140,64
175,Hot 7s,1.0,1000.0,20,6,05/22/2023,,4.6,100.0,210,96
176,Hot 7s,1.0,1000.0,20,6,05/22/2023,,4.6,50.0,1284,560
177,Hot 7s,1.0,1000.0,20,6,05/22/2023,,4.6,20.0,10568,4756
178,Hot 7s,1.0,1000.0,20,6,05/22/2023,,4.6,10.0,41422,18977
179,Hot 7s,1.0,1000.0,20,6,05/22/2023,,4.6,5.0,124246,57994
180,Hot 7s,1.0,1000.0,20,6,05/22/2023,,4.6,2.0,330964,160970
181,Hot 7s,1.0,1000.0,20,6,05/22/2023,,4.6,1.0,386366,193798
182,Hot 7s Doubler,2.0,10000.0,3,11,05/22/2023,,4.2,10000.0,7,3
183,Hot 7s Doubler,2.0,10000.0,3,11,05/22/2023,,4.2,5000.0,5,3
184,Hot 7s Doubler,2.0,10000.0,3,11,05/22/2023,,4.2,1000.0,11,4
185,Hot 7s Doubler,2.0,10000.0,3,11,05/22/2023,,4.2,500.0,186,93
186,Hot 7s Doubler,2.0,10000.0,3,11,05/22/2023,,4.2,100.0,1585,737
187,Hot 7s Doubler,2.0,10000.0,3,11,05/22/2023,,4.2,50.0,4117,1897
188,Hot 7s Doubler,2.0,10000.0,3,11,05/22/2023,,4.2,20.0,47493,22877
189,Hot 7s Doubler,2.0,10000.0,3,11,05/22/2023,,4.2,10.0,58044,27852
190,Hot 7s Doubler,2.0,10000.0,3,11,05/22/2023,,4.2,5.0,95195,46717
191,Hot 7s Doubler,2.0,10000.0,3,11,05/22/2023,,4.2,4.0,195392,96439
192,Hot 7s Doubler,2.0,10000.0,3,11,05/22/2023,,4.2,2.0,351913,177457
193,Hot 7s Multiplier,10.0,100000.0,3,26,05/22/2023,,3.43,100000.0,8,3
194,Hot 7s Multiplier,10.0,100000.0,3,26,05/22/2023,,3.43,10000.0,32,16
195,Hot 7s Multiplier,10.0,100000.0,3,26,05/22/2023,,3.43,1000.0,53,31
196,Hot 7s Multiplier,10.0,100000.0,3,26,05/22/2023,,3.43,500.0,1730,921
197,Hot 7s Multiplier,10.0,100000.0,3,26,05/22/2023,,3.43,200.0,3827,2029
198,Hot 7s Multiplier,10.0,100000.0,3,26,05/22/2023,,3.43,100.0,16031,8488
199,Hot 7s Multiplier,10.0,100000.0,3,26,05/22/2023,,3.43,50.0,192500,101539
200,Hot 7s Multiplier,10.0,100000.0,3,26,05/22/2023,,3.43,20.0,155868,82601
201,Hot 7s Multiplier,10.0,100000.0,3,26,05/22/2023,,3.43,15.0,211017,112411
202,Hot 7s Multiplier,10.0,100000.0,3,26,05/22/2023,,3.43,10.0,342905,183313
203,Hot 7s Tripler,5.0,50000.0,4,16,05/22/2023,,3.99,50000.0,8,4
204,Hot 7s Tripler,5.0,50000.0,4,16,05/22/2023,,3.99,5000.0,10,6
205,Hot 7s Tripler,5.0,50000.0,4,16,05/22/2023,,3.99,1000.0,22,8
206,Hot 7s Tripler,5.0,50000.0,4,16,05/22/2023,,3.99,500.0,1175,563
207,Hot 7s Tripler,5.0,50000.0,4,16,05/22/2023,,3.99,100.0,5504,2703
208,Hot 7s Tripler,5.0,50000.0,4,16,05/22/2023,,3.99,75.0,6772,3289
209,Hot 7s Tripler,5.0,50000.0,4,16,05/22/2023,,3.99,50.0,80816,39581
210,Hot 7s Tripler,5.0,50000.0,4,16,05/22/2023,,3.99,25.0,74603,36645
211,Hot 7s Tripler,5.0,50000.0,4,16,05/22/2023,,3.99,15.0,162136,79876
212,Hot 7s Tripler,5.0,50000.0,4,16,05/22/2023,,3.99,10.0,291359,144320
213,Hot 7s Tripler,5.0,50000.0,4,16,05/22/2023,,3.99,5.0,472749,237022
214,Red Hot Cash,3.0,30000.0,4,8,05/22/2023,,3.98,30000.0,8,4
215,Red Hot Cash,3.0,30000.0,4,8,05/22/2023,,3.98,1000.0,16,11
216,Red Hot Cash,3.0,30000.0,4,8,05/22/2023,,3.98,500.0,489,324
217,Red Hot Cash,3.0,30000.0,4,8,05/22/2023,,3.98,200.0,862,559
218,Red Hot Cash,3.0,30000.0,4,8,05/22/2023,,3.98,100.0,1430,934
219,Red Hot Cash,3.0,30000.0,4,8,05/22/2023,,3.98,60.0,2592,1681
220,Red Hot Cash,3.0,30000.0,4,8,05/22/2023,,3.98,30.0,28390,18394
221,Red Hot Cash,3.0,30000.0,4,8,05/22/2023,,3.98,20.0,36932,23918
222,Red Hot Cash,3.0,30000.0,4,8,05/22/2023,,3.98,15.0,69461,44766
223,Red Hot Cash,3.0,30000.0,4,8,05/22/2023,,3.98,10.0,85203,55326
224,Red Hot Cash,3.0,30000.0,4,8,05/22/2023,,3.98,5.0,276749,180809
225,Red Hot Cash,3.0,30000.0,4,8,05/22/2023,,3.98,3.0,355072,233277
226,Corvette® Cash,5.0,50000.0,3,15,04/24/2023,,3.82,50000.0,8,3
227,Corvette® Cash,5.0,50000.0,3,15,04/24/2023,,3.82,5000.0,12,4
228,Corvette® Cash,5.0,50000.0,3,15,04/24/2023,,3.82,1000.0,30,12
229,Corvette® Cash,5.0,50000.0,3,15,04/24/2023,,3.82,500.0,1076,438
230,Corvette® Cash,5.0,50000.0,3,15,04/24/2023,,3.82,100.0,4823,1927
231,Corvette® Cash,5.0,50000.0,3,15,04/24/2023,,3.82,75.0,3294,1328
232,Corvette® Cash,5.0,50000.0,3,15,04/24/2023,,3.82,50.0,74613,29914
233,Corvette® Cash,5.0,50000.0,3,15,04/24/2023,,3.82,25.0,80012,32283
234,Corvette® Cash,5.0,50000.0,3,15,04/24/2023,,3.82,15.0,170973,69256
235,Corvette® Cash,5.0,50000.0,3,15,04/24/2023,,3.82,10.0,325900,133551
236,Corvette® Cash,5.0,50000.0,3,15,04/24/2023,,3.82,5.0,483442,202258
237,Gold Fish®,2.0,10000.0,3,10,04/24/2023,,4.12,10000.0,6,3
238,Gold Fish®,2.0,10000.0,3,10,04/24/2023,,4.12,2000.0,14,5
239,Gold Fish®,2.0,10000.0,3,10,04/24/2023,,4.12,1000.0,22,10
240,Gold Fish®,2.0,10000.0,3,10,04/24/2023,,4.12,500.0,188,76
241,Gold Fish®,2.0,10000.0,3,10,04/24/2023,,4.12,100.0,2109,775
242,Gold Fish®,2.0,10000.0,3,10,04/24/2023,,4.12,50.0,6078,2375
243,Gold Fish®,2.0,10000.0,3,10,04/24/2023,,4.12,20.0,31636,13305
244,Gold Fish®,2.0,10000.0,3,10,04/24/2023,,4.12,10.0,63272,24937
245,Gold Fish®,2.0,10000.0,3,10,04/24/2023,,4.12,5.0,126544,51606
246,Gold Fish®,2.0,10000.0,3,10,04/24/2023,,4.12,4.0,189842,78003
247,Gold Fish®,2.0,10000.0,3,10,04/24/2023,,4.12,2.0,347944,147589
248,Hot 777,20.0,1000000.0,4,32,04/24/2023,,3.03,1000000.0,6,4
249,Hot 777,20.0,1000000.0,4,32,04/24/2023,,3.03,50000.0,8,5
250,Hot 777,20.0,1000000.0,4,32,04/24/2023,,3.03,10000.0,170,118
251,Hot 777,20.0,1000000.0,4,32,04/24/2023,,3.03,5000.0,283,186
252,Hot 777,20.0,1000000.0,4,32,04/24/2023,,3.03,1000.0,2354,1601
253,Hot 777,20.0,1000000.0,4,32,04/24/2023,,3.03,500.0,7226,4878
254,Hot 777,20.0,1000000.0,4,32,04/24/2023,,3.03,100.0,68142,45801
255,Hot 777,20.0,1000000.0,4,32,04/24/2023,,3.03,50.0,214132,143913
256,Hot 777,20.0,1000000.0,4,32,04/24/2023,,3.03,30.0,189906,127939
257,Hot 777,20.0,1000000.0,4,32,04/24/2023,,3.03,25.0,230031,155282
258,Hot 777,20.0,1000000.0,4,32,04/24/2023,,3.03,20.0,410953,277594
259,Money Bag Multiplier,10.0,100000.0,2,28,04/24/2023,,3.5,100000.0,8,2
260,Money Bag Multiplier,10.0,100000.0,2,28,04/24/2023,,3.5,50000.0,9,4
261,Money Bag Multiplier,10.0,100000.0,2,28,04/24/2023,,3.5,10000.0,30,9
262,Money Bag Multiplier,10.0,100000.0,2,28,04/24/2023,,3.5,1000.0,45,15
263,Money Bag Multiplier,10.0,100000.0,2,28,04/24/2023,,3.5,500.0,1260,427
264,Money Bag Multiplier,10.0,100000.0,2,28,04/24/2023,,3.5,200.0,2498,845
265,Money Bag Multiplier,10.0,100000.0,2,28,04/24/2023,,3.5,100.0,8470,2802
266,Money Bag Multiplier,10.0,100000.0,2,28,04/24/2023,,3.5,50.0,195054,63880
267,Money Bag Multiplier,10.0,100000.0,2,28,04/24/2023,,3.5,20.0,134114,44284
268,Money Bag Multiplier,10.0,100000.0,2,28,04/24/2023,,3.5,15.0,194969,65352
269,Money Bag Multiplier,10.0,100000.0,2,28,04/24/2023,,3.5,10.0,299947,101179
270,Big Money,5.0,50000.0,2,16,03/20/2023,,3.92,50000.0,8,2
271,Big Money,5.0,50000.0,2,16,03/20/2023,,3.92,5000.0,14,4
272,Big Money,5.0,50000.0,2,16,03/20/2023,,3.92,1000.0,24,9
273,Big Money,5.0,50000.0,2,16,03/20/2023,,3.92,500.0,1073,341
274,Big Money,5.0,50000.0,2,16,03/20/2023,,3.92,250.0,2186,713
275,Big Money,5.0,50000.0,2,16,03/20/2023,,3.92,100.0,4844,1559
276,Big Money,5.0,50000.0,2,16,03/20/2023,,3.92,50.0,74619,23557
277,Big Money,5.0,50000.0,2,16,03/20/2023,,3.92,25.0,80133,25585
278,Big Money,5.0,50000.0,2,16,03/20/2023,,3.92,15.0,166427,53321
279,Big Money,5.0,50000.0,2,16,03/20/2023,,3.92,10.0,303966,98853
280,Big Money,5.0,50000.0,2,16,03/20/2023,,3.92,5.0,480610,161418
281,Bingo X10,10.0,100000.0,3,8,03/20/2023,,3.24,100000.0,7,3
282,Bingo X10,10.0,100000.0,3,8,03/20/2023,,3.24,10000.0,21,11
283,Bingo X10,10.0,100000.0,3,8,03/20/2023,,3.24,1000.0,72,33
284,Bingo X10,10.0,100000.0,3,8,03/20/2023,,3.24,500.0,1982,790
285,Bingo X10,10.0,100000.0,3,8,03/20/2023,,3.24,200.0,4488,1796
286,Bingo X10,10.0,100000.0,3,8,03/20/2023,,3.24,100.0,25618,10036
287,Bingo X10,10.0,100000.0,3,8,03/20/2023,,3.24,75.0,27424,10740
288,Bingo X10,10.0,100000.0,3,8,03/20/2023,,3.24,50.0,115059,45052
289,Bingo X10,10.0,100000.0,3,8,03/20/2023,,3.24,20.0,148297,58764
290,Bingo X10,10.0,100000.0,3,8,03/20/2023,,3.24,15.0,273802,109263
291,Bingo X10,10.0,100000.0,3,8,03/20/2023,,3.24,10.0,417081,166526
292,Frogger,3.0,30000.0,3,5,03/20/2023,,3.97,30000.0,6,3
293,Frogger,3.0,30000.0,3,5,03/20/2023,,3.97,1000.0,16,9
294,Frogger,3.0,30000.0,3,5,03/20/2023,,3.97,150.0,289,143
295,Frogger,3.0,30000.0,3,5,03/20/2023,,3.97,100.0,3007,1479
296,Frogger,3.0,30000.0,3,5,03/20/2023,,3.97,80.0,578,284
297,Frogger,3.0,30000.0,3,5,03/20/2023,,3.97,50.0,10511,5235
298,Frogger,3.0,30000.0,3,5,03/20/2023,,3.97,30.0,45806,22632
299,Frogger,3.0,30000.0,3,5,03/20/2023,,3.97,15.0,70932,35412
300,Frogger,3.0,30000.0,3,5,03/20/2023,,3.97,10.0,85764,42996
301,Frogger,3.0,30000.0,3,5,03/20/2023,,3.97,5.0,280666,144900
302,Frogger,3.0,30000.0,3,5,03/20/2023,,3.97,3.0,359894,187233
303,Maryland Riches,10.0,100000.0,7,40,03/20/2023,,3.5,100000.0,9,7
304,Maryland Riches,10.0,100000.0,7,40,03/20/2023,,3.5,10000.0,32,22
305,Maryland Riches,10.0,100000.0,7,40,03/20/2023,,3.5,1000.0,49,35
306,Maryland Riches,10.0,100000.0,7,40,03/20/2023,,3.5,500.0,1234,841
307,Maryland Riches,10.0,100000.0,7,40,03/20/2023,,3.5,200.0,2450,1671
308,Maryland Riches,10.0,100000.0,7,40,03/20/2023,,3.5,100.0,10057,6813
309,Maryland Riches,10.0,100000.0,7,40,03/20/2023,,3.5,50.0,202081,136909
310,Maryland Riches,10.0,100000.0,7,40,03/20/2023,,3.5,20.0,144607,98293
311,Maryland Riches,10.0,100000.0,7,40,03/20/2023,,3.5,15.0,159800,108953
312,Maryland Riches,10.0,100000.0,7,40,03/20/2023,,3.5,10.0,317041,216401
313,MD Lottery Logo,1.0,1000.0,14,6,03/20/2023,,4.6,1000.0,32,14
314,MD Lottery Logo,1.0,1000.0,14,6,03/20/2023,,4.6,500.0,70,28
315,MD Lottery Logo,1.0,1000.0,14,6,03/20/2023,,4.6,200.0,105,49
316,MD Lottery Logo,1.0,1000.0,14,6,03/20/2023,,4.6,100.0,245,113
317,MD Lottery Logo,1.0,1000.0,14,6,03/20/2023,,4.6,50.0,7959,3318
318,MD Lottery Logo,1.0,1000.0,14,6,03/20/2023,,4.6,20.0,5809,2392
319,MD Lottery Logo,1.0,1000.0,14,6,03/20/2023,,4.6,10.0,24923,10588
320,MD Lottery Logo,1.0,1000.0,14,6,03/20/2023,,4.6,5.0,103237,44664
321,MD Lottery Logo,1.0,1000.0,14,6,03/20/2023,,4.6,2.0,329964,148585
322,MD Lottery Logo,1.0,1000.0,14,6,03/20/2023,,4.6,1.0,422908,197293
323,50 Years!,50.0,5000000.0,2,50,02/20/2023,,2.44,5000000.0,3,2
324,50 Years!,50.0,5000000.0,2,50,02/20/2023,,2.44,100000.0,9,5
325,50 Years!,50.0,5000000.0,2,50,02/20/2023,,2.44,50000.0,6,2
326,50 Years!,50.0,5000000.0,2,50,02/20/2023,,2.44,10000.0,88,31
327,50 Years!,50.0,5000000.0,2,50,02/20/2023,,2.44,1000.0,1086,475
328,50 Years!,50.0,5000000.0,2,50,02/20/2023,,2.44,500.0,13698,5595
329,50 Years!,50.0,5000000.0,2,50,02/20/2023,,2.44,200.0,123250,50368
330,50 Years!,50.0,5000000.0,2,50,02/20/2023,,2.44,100.0,302625,124062
331,50 Years!,50.0,5000000.0,2,50,02/20/2023,,2.44,75.0,169158,69481
332,50 Years!,50.0,5000000.0,2,50,02/20/2023,,2.44,50.0,739528,304535
333,Bonus Crossword,3.0,30000.0,4,2,02/20/2023,,3.69,30000.0,8,4
334,Bonus Crossword,3.0,30000.0,4,2,02/20/2023,,3.69,5000.0,20,9
335,Bonus Crossword,3.0,30000.0,4,2,02/20/2023,,3.69,1000.0,30,12
336,Bonus Crossword,3.0,30000.0,4,2,02/20/2023,,3.69,100.0,9327,3846
337,Bonus Crossword,3.0,30000.0,4,2,02/20/2023,,3.69,25.0,54752,22705
338,Bonus Crossword,3.0,30000.0,4,2,02/20/2023,,3.69,10.0,135601,56486
339,Bonus Crossword,3.0,30000.0,4,2,02/20/2023,,3.69,5.0,280953,118839
340,Bonus Crossword,3.0,30000.0,4,2,02/20/2023,,3.69,3.0,409317,180861
341,In the Money,10.0,100000.0,1,25,02/20/2023,,3.46,100000.0,8,1
342,In the Money,10.0,100000.0,1,25,02/20/2023,,3.46,20000.0,11,2
343,In the Money,10.0,100000.0,1,25,02/20/2023,,3.46,10000.0,30,0
344,In the Money,10.0,100000.0,1,25,02/20/2023,,3.46,1000.0,48,3
345,In the Money,10.0,100000.0,1,25,02/20/2023,,3.46,500.0,1079,123
346,In the Money,10.0,100000.0,1,25,02/20/2023,,3.46,200.0,2222,275
347,In the Money,10.0,100000.0,1,25,02/20/2023,,3.46,100.0,10453,1204
348,In the Money,10.0,100000.0,1,25,02/20/2023,,3.46,50.0,198665,22157
349,In the Money,10.0,100000.0,1,25,02/20/2023,,3.46,20.0,130533,15092
350,In the Money,10.0,100000.0,1,25,02/20/2023,,3.46,15.0,197001,24181
351,In the Money,10.0,100000.0,1,25,02/20/2023,,3.46,10.0,305664,38337
352,Instant Lottery,2.0,10000.0,4,10,02/20/2023,,3.91,10000.0,6,4
353,Instant Lottery,2.0,10000.0,4,10,02/20/2023,,3.91,200.0,160,75
354,Instant Lottery,2.0,10000.0,4,10,02/20/2023,,3.91,100.0,1221,613
355,Instant Lottery,2.0,10000.0,4,10,02/20/2023,,3.91,50.0,15821,7801
356,Instant Lottery,2.0,10000.0,4,10,02/20/2023,,3.91,20.0,31658,15707
357,Instant Lottery,2.0,10000.0,4,10,02/20/2023,,3.91,10.0,31658,16194
358,Instant Lottery,2.0,10000.0,4,10,02/20/2023,,3.91,5.0,126632,63847
359,Instant Lottery,2.0,10000.0,4,10,02/20/2023,,3.91,3.0,284922,145646
360,Instant Lottery,2.0,10000.0,4,10,02/20/2023,,3.91,2.0,316580,162673
361,Lucky Riches,5.0,50000.0,3,15,02/20/2023,,3.92,50000.0,8,3
362,Lucky Riches,5.0,50000.0,3,15,02/20/2023,,3.92,5000.0,14,3
363,Lucky Riches,5.0,50000.0,3,15,02/20/2023,,3.92,1000.0,24,6
364,Lucky Riches,5.0,50000.0,3,15,02/20/2023,,3.92,500.0,1054,295
365,Lucky Riches,5.0,50000.0,3,15,02/20/2023,,3.92,250.0,2196,611
366,Lucky Riches,5.0,50000.0,3,15,02/20/2023,,3.92,100.0,4818,1294
367,Lucky Riches,5.0,50000.0,3,15,02/20/2023,,3.92,50.0,74638,20234
368,Lucky Riches,5.0,50000.0,3,15,02/20/2023,,3.92,25.0,80111,22005
369,Lucky Riches,5.0,50000.0,3,15,02/20/2023,,3.92,15.0,166472,45872
370,Lucky Riches,5.0,50000.0,3,15,02/20/2023,,3.92,10.0,303794,85361
371,Lucky Riches,5.0,50000.0,3,15,02/20/2023,,3.92,5.0,480711,138912
372,Gold X10,2.0,10000.0,1,10,01/23/2023,04/29/2024,3.81,10000.0,6,1
373,Gold X10,2.0,10000.0,1,10,01/23/2023,04/29/2024,3.81,5000.0,8,3
374,Gold X10,2.0,10000.0,1,10,01/23/2023,04/29/2024,3.81,1000.0,13,3
375,Gold X10,2.0,10000.0,1,10,01/23/2023,04/29/2024,3.81,500.0,191,55
376,Gold X10,2.0,10000.0,1,10,01/23/2023,04/29/2024,3.81,100.0,1900,481
377,Gold X10,2.0,10000.0,1,10,01/23/2023,04/29/2024,3.81,50.0,5932,1410
378,Gold X10,2.0,10000.0,1,10,01/23/2023,04/29/2024,3.81,20.0,32132,7988
379,Gold X10,2.0,10000.0,1,10,01/23/2023,04/29/2024,3.81,10.0,64264,16314
380,Gold X10,2.0,10000.0,1,10,01/23/2023,04/29/2024,3.81,5.0,128550,33215
381,Gold X10,2.0,10000.0,1,10,01/23/2023,04/29/2024,3.81,3.0,289166,78653
382,Gold X10,2.0,10000.0,1,10,01/23/2023,04/29/2024,3.81,2.0,321298,89331
383,Gold X20,5.0,50000.0,0,15,01/23/2023,04/01/2024,3.77,50000.0,9,0
384,Gold X20,5.0,50000.0,0,15,01/23/2023,04/01/2024,3.77,5000.0,10,3
385,Gold X20,5.0,50000.0,0,15,01/23/2023,04/01/2024,3.77,1000.0,34,6
386,Gold X20,5.0,50000.0,0,15,01/23/2023,04/01/2024,3.77,500.0,1044,163
387,Gold X20,5.0,50000.0,0,15,01/23/2023,04/01/2024,3.77,250.0,1924,331
388,Gold X20,5.0,50000.0,0,15,01/23/2023,04/01/2024,3.77,100.0,4211,678
389,Gold X20,5.0,50000.0,0,15,01/23/2023,04/01/2024,3.77,50.0,73451,11667
390,Gold X20,5.0,50000.0,0,15,01/23/2023,04/01/2024,3.77,25.0,73451,11892
391,Gold X20,5.0,50000.0,0,15,01/23/2023,04/01/2024,3.77,15.0,176335,28229
392,Gold X20,5.0,50000.0,0,15,01/23/2023,04/01/2024,3.77,10.0,323101,54243
393,Gold X20,5.0,50000.0,0,15,01/23/2023,04/01/2024,3.77,5.0,514166,91667
394,Gold X5,1.0,1000.0,7,6,01/23/2023,,4.59,1000.0,34,7
395,Gold X5,1.0,1000.0,7,6,01/23/2023,,4.59,500.0,106,11
396,Gold X5,1.0,1000.0,7,6,01/23/2023,,4.59,200.0,141,21
397,Gold X5,1.0,1000.0,7,6,01/23/2023,,4.59,100.0,248,29
398,Gold X5,1.0,1000.0,7,6,01/23/2023,,4.59,50.0,1610,192
399,Gold X5,1.0,1000.0,7,6,01/23/2023,,4.59,20.0,10415,1253
400,Gold X5,1.0,1000.0,7,6,01/23/2023,,4.59,10.0,41702,5460
401,Gold X5,1.0,1000.0,7,6,01/23/2023,,4.59,5.0,125148,19202
402,Gold X5,1.0,1000.0,7,6,01/23/2023,,4.59,2.0,333627,54600
403,Gold X5,1.0,1000.0,7,6,01/23/2023,,4.59,1.0,396147,71397
404,Gold X50,10.0,100000.0,0,25,01/23/2023,02/26/2024,3.29,100000.0,10,0
405,Gold X50,10.0,100000.0,0,25,01/23/2023,02/26/2024,3.29,50000.0,10,0
406,Gold X50,10.0,100000.0,0,25,01/23/2023,02/26/2024,3.29,10000.0,30,5
407,Gold X50,10.0,100000.0,0,25,01/23/2023,02/26/2024,3.29,1000.0,48,3
408,Gold X50,10.0,100000.0,0,25,01/23/2023,02/26/2024,3.29,500.0,976,106
409,Gold X50,10.0,100000.0,0,25,01/23/2023,02/26/2024,3.29,200.0,2491,256
410,Gold X50,10.0,100000.0,0,25,01/23/2023,02/26/2024,3.29,100.0,7446,770
411,Gold X50,10.0,100000.0,0,25,01/23/2023,02/26/2024,3.29,50.0,178584,17839
412,Gold X50,10.0,100000.0,0,25,01/23/2023,02/26/2024,3.29,20.0,178584,18552
413,Gold X50,10.0,100000.0,0,25,01/23/2023,02/26/2024,3.29,15.0,178604,19906
414,Gold X50,10.0,100000.0,0,25,01/23/2023,02/26/2024,3.29,10.0,357138,40889
415,"$50,000 Cash",20.0,50000.0,89,30,12/29/2022,,3.03,50000.0,160,89
416,"$50,000 Cash",20.0,50000.0,89,30,12/29/2022,,3.03,5000.0,174,101
417,"$50,000 Cash",20.0,50000.0,89,30,12/29/2022,,3.03,500.0,6218,3370
418,"$50,000 Cash",20.0,50000.0,89,30,12/29/2022,,3.03,100.0,92475,50095
419,"$50,000 Cash",20.0,50000.0,89,30,12/29/2022,,3.03,50.0,282244,152938
420,"$50,000 Cash",20.0,50000.0,89,30,12/29/2022,,3.03,30.0,299600,162981
421,"$50,000 Cash",20.0,50000.0,89,30,12/29/2022,,3.03,20.0,460893,250911
422,Cash Money,5.0,50000.0,1,18,12/29/2022,,3.95,50000.0,8,1
423,Cash Money,5.0,50000.0,1,18,12/29/2022,,3.95,5000.0,14,5
424,Cash Money,5.0,50000.0,1,18,12/29/2022,,3.95,1000.0,24,5
425,Cash Money,5.0,50000.0,1,18,12/29/2022,,3.95,500.0,1472,316
426,Cash Money,5.0,50000.0,1,18,12/29/2022,,3.95,100.0,7267,1557
427,Cash Money,5.0,50000.0,1,18,12/29/2022,,3.95,50.0,76384,16404
428,Cash Money,5.0,50000.0,1,18,12/29/2022,,3.95,20.0,106880,24027
429,Cash Money,5.0,50000.0,1,18,12/29/2022,,3.95,15.0,171066,37808
430,Cash Money,5.0,50000.0,1,18,12/29/2022,,3.95,10.0,305635,68900
431,Cash Money,5.0,50000.0,1,18,12/29/2022,,3.95,5.0,436344,103253
432,Match 2 Win,1.0,1000.0,13,6,12/29/2022,,4.6,1000.0,32,13
433,Match 2 Win,1.0,1000.0,13,6,12/29/2022,,4.6,500.0,104,44
434,Match 2 Win,1.0,1000.0,13,6,12/29/2022,,4.6,100.0,234,103
435,Match 2 Win,1.0,1000.0,13,6,12/29/2022,,4.6,50.0,1565,757
436,Match 2 Win,1.0,1000.0,13,6,12/29/2022,,4.6,20.0,10182,4799
437,Match 2 Win,1.0,1000.0,13,6,12/29/2022,,4.6,10.0,41036,19826
438,Match 2 Win,1.0,1000.0,13,6,12/29/2022,,4.6,5.0,123479,60479
439,Match 2 Win,1.0,1000.0,13,6,12/29/2022,,4.6,2.0,327361,165217
440,Match 2 Win,1.0,1000.0,13,6,12/29/2022,,4.6,1.0,385503,200903
441,Six Figures,10.0,100000.0,0,25,12/29/2022,04/29/2024,3.5,100000.0,8,0
442,Six Figures,10.0,100000.0,0,25,12/29/2022,04/29/2024,3.5,50000.0,9,3
443,Six Figures,10.0,100000.0,0,25,12/29/2022,04/29/2024,3.5,10000.0,30,4
444,Six Figures,10.0,100000.0,0,25,12/29/2022,04/29/2024,3.5,1000.0,45,5
445,Six Figures,10.0,100000.0,0,25,12/29/2022,04/29/2024,3.5,500.0,1244,163
446,Six Figures,10.0,100000.0,0,25,12/29/2022,04/29/2024,3.5,200.0,2472,307
447,Six Figures,10.0,100000.0,0,25,12/29/2022,04/29/2024,3.5,100.0,6179,739
448,Six Figures,10.0,100000.0,0,25,12/29/2022,04/29/2024,3.5,50.0,199776,24300
449,Six Figures,10.0,100000.0,0,25,12/29/2022,04/29/2024,3.5,20.0,134140,17255
450,Six Figures,10.0,100000.0,0,25,12/29/2022,04/29/2024,3.5,15.0,198471,25955
451,Six Figures,10.0,100000.0,0,25,12/29/2022,04/29/2024,3.5,10.0,292283,38601
452,"$15,000 Cash",2.0,15000.0,3,11,11/21/2022,04/01/2024,4.2,15000.0,7,3
453,"$15,000 Cash",2.0,15000.0,3,11,11/21/2022,04/01/2024,4.2,5000.0,8,3
454,"$15,000 Cash",2.0,15000.0,3,11,11/21/2022,04/01/2024,4.2,1000.0,13,4
455,"$15,000 Cash",2.0,15000.0,3,11,11/21/2022,04/01/2024,4.2,500.0,185,60
456,"$15,000 Cash",2.0,15000.0,3,11,11/21/2022,04/01/2024,4.2,100.0,2128,679
457,"$15,000 Cash",2.0,15000.0,3,11,11/21/2022,04/01/2024,4.2,50.0,6459,2053
458,"$15,000 Cash",2.0,15000.0,3,11,11/21/2022,04/01/2024,4.2,20.0,37360,12709
459,"$15,000 Cash",2.0,15000.0,3,11,11/21/2022,04/01/2024,4.2,10.0,31971,10686
460,"$15,000 Cash",2.0,15000.0,3,11,11/21/2022,04/01/2024,4.2,5.0,100908,35339
461,"$15,000 Cash",2.0,15000.0,3,11,11/21/2022,04/01/2024,4.2,4.0,251650,88255
462,"$15,000 Cash",2.0,15000.0,3,11,11/21/2022,04/01/2024,4.2,2.0,311367,114334
463,Crazy 8s,5.0,50000.0,4,16,11/21/2022,,3.9,50000.0,8,4
464,Crazy 8s,5.0,50000.0,4,16,11/21/2022,,3.9,5000.0,14,4
465,Crazy 8s,5.0,50000.0,4,16,11/21/2022,,3.9,1000.0,25,6
466,Crazy 8s,5.0,50000.0,4,16,11/21/2022,,3.9,500.0,1185,367
467,Crazy 8s,5.0,50000.0,4,16,11/21/2022,,3.9,250.0,1693,530
468,Crazy 8s,5.0,50000.0,4,16,11/21/2022,,3.9,100.0,4878,1453
469,Crazy 8s,5.0,50000.0,4,16,11/21/2022,,3.9,50.0,72803,22092
470,Crazy 8s,5.0,50000.0,4,16,11/21/2022,,3.9,25.0,91013,27859
471,Crazy 8s,5.0,50000.0,4,16,11/21/2022,,3.9,15.0,163867,50906
472,Crazy 8s,5.0,50000.0,4,16,11/21/2022,,3.9,10.0,287666,89795
473,Crazy 8s,5.0,50000.0,4,16,11/21/2022,,3.9,5.0,498305,159149
474,Lucky Times 10,10.0,100000.0,1,25,11/21/2022,,3.5,100000.0,8,1
475,Lucky Times 10,10.0,100000.0,1,25,11/21/2022,,3.5,50000.0,9,1
476,Lucky Times 10,10.0,100000.0,1,25,11/21/2022,,3.5,10000.0,30,4
477,Lucky Times 10,10.0,100000.0,1,25,11/21/2022,,3.5,1000.0,45,13
478,Lucky Times 10,10.0,100000.0,1,25,11/21/2022,,3.5,500.0,1157,208
479,Lucky Times 10,10.0,100000.0,1,25,11/21/2022,,3.5,200.0,2352,409
480,Lucky Times 10,10.0,100000.0,1,25,11/21/2022,,3.5,100.0,9262,1587
481,Lucky Times 10,10.0,100000.0,1,25,11/21/2022,,3.5,50.0,185674,31944
482,Lucky Times 10,10.0,100000.0,1,25,11/21/2022,,3.5,20.0,127140,22804
483,Lucky Times 10,10.0,100000.0,1,25,11/21/2022,,3.5,15.0,162057,29185
484,Lucky Times 10,10.0,100000.0,1,25,11/21/2022,,3.5,10.0,307282,55977
485,Blizzard Bucks,10.0,100000.0,3,23,10/17/2022,01/01/2024,3.37,100000.0,9,3
486,Blizzard Bucks,10.0,100000.0,3,23,10/17/2022,01/01/2024,3.37,10000.0,28,10
487,Blizzard Bucks,10.0,100000.0,3,23,10/17/2022,01/01/2024,3.37,1000.0,56,26
488,Blizzard Bucks,10.0,100000.0,3,23,10/17/2022,01/01/2024,3.37,500.0,1467,542
489,Blizzard Bucks,10.0,100000.0,3,23,10/17/2022,01/01/2024,3.37,200.0,3202,1192
490,Blizzard Bucks,10.0,100000.0,3,23,10/17/2022,01/01/2024,3.37,100.0,7731,2871
491,Blizzard Bucks,10.0,100000.0,3,23,10/17/2022,01/01/2024,3.37,50.0,210546,78577
492,Blizzard Bucks,10.0,100000.0,3,23,10/17/2022,01/01/2024,3.37,20.0,143243,53614
493,Blizzard Bucks,10.0,100000.0,3,23,10/17/2022,01/01/2024,3.37,15.0,209439,79096
494,Blizzard Bucks,10.0,100000.0,3,23,10/17/2022,01/01/2024,3.37,10.0,353043,134273
495,Chillin',1.0,1000.0,16,6,10/17/2022,10/02/2023,4.45,1000.0,32,16
496,Chillin',1.0,1000.0,16,6,10/17/2022,10/02/2023,4.45,500.0,70,25
497,Chillin',1.0,1000.0,16,6,10/17/2022,10/02/2023,4.45,100.0,210,88
498,Chillin',1.0,1000.0,16,6,10/17/2022,10/02/2023,4.45,50.0,1225,435
499,Chillin',1.0,1000.0,16,6,10/17/2022,10/02/2023,4.45,20.0,7990,2979
500,Chillin',1.0,1000.0,16,6,10/17/2022,10/02/2023,4.45,10.0,45337,17747
501,Chillin',1.0,1000.0,16,6,10/17/2022,10/02/2023,4.45,5.0,124391,49682
502,Chillin',1.0,1000.0,16,6,10/17/2022,10/02/2023,4.45,2.0,344372,148189
503,Chillin',1.0,1000.0,16,6,10/17/2022,10/02/2023,4.45,1.0,401590,175899
504,Holiday Ca$h,5.0,50000.0,3,12,10/17/2022,10/02/2023,3.93,50000.0,8,3
505,Holiday Ca$h,5.0,50000.0,3,12,10/17/2022,10/02/2023,3.93,5000.0,11,5
506,Holiday Ca$h,5.0,50000.0,3,12,10/17/2022,10/02/2023,3.93,1000.0,25,10
507,Holiday Ca$h,5.0,50000.0,3,12,10/17/2022,10/02/2023,3.93,500.0,1097,410
508,Holiday Ca$h,5.0,50000.0,3,12,10/17/2022,10/02/2023,3.93,250.0,2201,826
509,Holiday Ca$h,5.0,50000.0,3,12,10/17/2022,10/02/2023,3.93,100.0,4848,1849
510,Holiday Ca$h,5.0,50000.0,3,12,10/17/2022,10/02/2023,3.93,50.0,76468,28867
511,Holiday Ca$h,5.0,50000.0,3,12,10/17/2022,10/02/2023,3.93,25.0,76446,28990
512,Holiday Ca$h,5.0,50000.0,3,12,10/17/2022,10/02/2023,3.93,15.0,166604,64163
513,Holiday Ca$h,5.0,50000.0,3,12,10/17/2022,10/02/2023,3.93,10.0,304211,118768
514,Holiday Ca$h,5.0,50000.0,3,12,10/17/2022,10/02/2023,3.93,5.0,479011,192114
515,Holiday Cash Drop,2.0,10000.0,3,10,10/17/2022,10/02/2023,3.96,10000.0,7,3
516,Holiday Cash Drop,2.0,10000.0,3,10,10/17/2022,10/02/2023,3.96,5000.0,4,1
517,Holiday Cash Drop,2.0,10000.0,3,10,10/17/2022,10/02/2023,3.96,1000.0,6,5
518,Holiday Cash Drop,2.0,10000.0,3,10,10/17/2022,10/02/2023,3.96,500.0,188,73
519,Holiday Cash Drop,2.0,10000.0,3,10,10/17/2022,10/02/2023,3.96,100.0,1228,484
520,Holiday Cash Drop,2.0,10000.0,3,10,10/17/2022,10/02/2023,3.96,50.0,6130,2397
521,Holiday Cash Drop,2.0,10000.0,3,10,10/17/2022,10/02/2023,3.96,20.0,45057,18613
522,Holiday Cash Drop,2.0,10000.0,3,10,10/17/2022,10/02/2023,3.96,10.0,58137,24513
523,Holiday Cash Drop,2.0,10000.0,3,10,10/17/2022,10/02/2023,3.96,5.0,113170,48127
524,Holiday Cash Drop,2.0,10000.0,3,10,10/17/2022,10/02/2023,3.96,3.0,237553,104044
525,Holiday Cash Drop,2.0,10000.0,3,10,10/17/2022,10/02/2023,3.96,2.0,337599,150065
526,Peppermint Payout,3.0,30000.0,1,7,10/17/2022,12/04/2023,4.03,30000.0,8,1
527,Peppermint Payout,3.0,30000.0,1,7,10/17/2022,12/04/2023,4.03,500.0,863,219
528,Peppermint Payout,3.0,30000.0,1,7,10/17/2022,12/04/2023,4.03,100.0,4452,1062
529,Peppermint Payout,3.0,30000.0,1,7,10/17/2022,12/04/2023,4.03,50.0,7116,1697
530,Peppermint Payout,3.0,30000.0,1,7,10/17/2022,12/04/2023,4.03,20.0,84417,20914
531,Peppermint Payout,3.0,30000.0,1,7,10/17/2022,12/04/2023,4.03,10.0,214183,55232
532,Peppermint Payout,3.0,30000.0,1,7,10/17/2022,12/04/2023,4.03,3.0,534668,147824
533,THE GAME OF LIFE™,20.0,1000000.0,4,16,10/17/2022,,3.02,1000000.0,5,4
534,THE GAME OF LIFE™,20.0,1000000.0,4,16,10/17/2022,,3.02,50000.0,6,5
535,THE GAME OF LIFE™,20.0,1000000.0,4,16,10/17/2022,,3.02,10000.0,10,8
536,THE GAME OF LIFE™,20.0,1000000.0,4,16,10/17/2022,,3.02,5000.0,28,23
537,THE GAME OF LIFE™,20.0,1000000.0,4,16,10/17/2022,,3.02,1000.0,336,259
538,THE GAME OF LIFE™,20.0,1000000.0,4,16,10/17/2022,,3.02,500.0,2274,1698
539,THE GAME OF LIFE™,20.0,1000000.0,4,16,10/17/2022,,3.02,200.0,2275,1713
540,THE GAME OF LIFE™,20.0,1000000.0,4,16,10/17/2022,,3.02,100.0,136336,102748
541,THE GAME OF LIFE™,20.0,1000000.0,4,16,10/17/2022,,3.02,50.0,374898,282734
542,THE GAME OF LIFE™,20.0,1000000.0,4,16,10/17/2022,,3.02,25.0,204556,154362
543,THE GAME OF LIFE™,20.0,1000000.0,4,16,10/17/2022,,3.02,20.0,409008,308926
544,Cash is King,30.0,2000000.0,2,40,09/19/2022,,2.93,2000000.0,5,2
545,Cash is King,30.0,2000000.0,2,40,09/19/2022,,2.93,50000.0,6,3
546,Cash is King,30.0,2000000.0,2,40,09/19/2022,,2.93,10000.0,10,4
547,Cash is King,30.0,2000000.0,2,40,09/19/2022,,2.93,5000.0,10,4
548,Cash is King,30.0,2000000.0,2,40,09/19/2022,,2.93,1000.0,2175,808
549,Cash is King,30.0,2000000.0,2,40,09/19/2022,,2.93,500.0,11856,4222
550,Cash is King,30.0,2000000.0,2,40,09/19/2022,,2.93,200.0,63335,22665
551,Cash is King,30.0,2000000.0,2,40,09/19/2022,,2.93,100.0,141816,50564
552,Cash is King,30.0,2000000.0,2,40,09/19/2022,,2.93,50.0,283632,101560
553,Cash is King,30.0,2000000.0,2,40,09/19/2022,,2.93,40.0,283632,101896
554,Cash is King,30.0,2000000.0,2,40,09/19/2022,,2.93,30.0,425448,153236
555,Deluxe Crossword,5.0,50000.0,0,,09/19/2022,04/01/2024,3.47,50000.0,8,0
556,Deluxe Crossword,5.0,50000.0,0,,09/19/2022,04/01/2024,3.47,10000.0,14,1
557,Deluxe Crossword,5.0,50000.0,0,,09/19/2022,04/01/2024,3.47,1000.0,46,4
558,Deluxe Crossword,5.0,50000.0,0,,09/19/2022,04/01/2024,3.47,150.0,1306,175
559,Deluxe Crossword,5.0,50000.0,0,,09/19/2022,04/01/2024,3.47,100.0,2287,263
560,Deluxe Crossword,5.0,50000.0,0,,09/19/2022,04/01/2024,3.47,90.0,5160,572
561,Deluxe Crossword,5.0,50000.0,0,,09/19/2022,04/01/2024,3.47,75.0,8642,969
562,Deluxe Crossword,5.0,50000.0,0,,09/19/2022,04/01/2024,3.47,50.0,11524,1368
563,Deluxe Crossword,5.0,50000.0,0,,09/19/2022,04/01/2024,3.47,30.0,64526,7677
564,Deluxe Crossword,5.0,50000.0,0,,09/19/2022,04/01/2024,3.47,20.0,73998,8617
565,Deluxe Crossword,5.0,50000.0,0,,09/19/2022,04/01/2024,3.47,15.0,119386,14280
566,Deluxe Crossword,5.0,50000.0,0,,09/19/2022,04/01/2024,3.47,10.0,357132,43010
567,Deluxe Crossword,5.0,50000.0,0,,09/19/2022,04/01/2024,3.47,5.0,472027,58789
568,Fast Ca$h,1.0,1000.0,17,6,09/19/2022,01/01/2024,4.53,1000.0,32,17
569,Fast Ca$h,1.0,1000.0,17,6,09/19/2022,01/01/2024,4.53,500.0,210,93
570,Fast Ca$h,1.0,1000.0,17,6,09/19/2022,01/01/2024,4.53,100.0,175,77
571,Fast Ca$h,1.0,1000.0,17,6,09/19/2022,01/01/2024,4.53,50.0,991,430
572,Fast Ca$h,1.0,1000.0,17,6,09/19/2022,01/01/2024,4.53,20.0,7990,3694
573,Fast Ca$h,1.0,1000.0,17,6,09/19/2022,01/01/2024,4.53,10.0,45434,21273
574,Fast Ca$h,1.0,1000.0,17,6,09/19/2022,01/01/2024,4.53,5.0,116063,54609
575,Fast Ca$h,1.0,1000.0,17,6,09/19/2022,01/01/2024,4.53,2.0,340666,167285
576,Fast Ca$h,1.0,1000.0,17,6,09/19/2022,01/01/2024,4.53,1.0,399980,199148
577,Lady Luck,10.0,250000.0,0,25,09/19/2022,10/02/2023,3.5,250000.0,5,0
578,Lady Luck,10.0,250000.0,0,25,09/19/2022,10/02/2023,3.5,20000.0,8,2
579,Lady Luck,10.0,250000.0,0,25,09/19/2022,10/02/2023,3.5,10000.0,48,8
580,Lady Luck,10.0,250000.0,0,25,09/19/2022,10/02/2023,3.5,1000.0,144,21
581,Lady Luck,10.0,250000.0,0,25,09/19/2022,10/02/2023,3.5,500.0,1435,229
582,Lady Luck,10.0,250000.0,0,25,09/19/2022,10/02/2023,3.5,200.0,2404,365
583,Lady Luck,10.0,250000.0,0,25,09/19/2022,10/02/2023,3.5,100.0,9603,1455
584,Lady Luck,10.0,250000.0,0,25,09/19/2022,10/02/2023,3.5,50.0,175660,26987
585,Lady Luck,10.0,250000.0,0,25,09/19/2022,10/02/2023,3.5,20.0,229960,36061
586,Lady Luck,10.0,250000.0,0,25,09/19/2022,10/02/2023,3.5,10.0,402430,65973
587,Power Spot Multiplier,5.0,50000.0,1,15,09/19/2022,04/29/2024,3.9,50000.0,8,1
588,Power Spot Multiplier,5.0,50000.0,1,15,09/19/2022,04/29/2024,3.9,5000.0,15,3
589,Power Spot Multiplier,5.0,50000.0,1,15,09/19/2022,04/29/2024,3.9,1000.0,28,4
590,Power Spot Multiplier,5.0,50000.0,1,15,09/19/2022,04/29/2024,3.9,500.0,1502,183
591,Power Spot Multiplier,5.0,50000.0,1,15,09/19/2022,04/29/2024,3.9,100.0,5992,697
592,Power Spot Multiplier,5.0,50000.0,1,15,09/19/2022,04/29/2024,3.9,50.0,76324,9437
593,Power Spot Multiplier,5.0,50000.0,1,15,09/19/2022,04/29/2024,3.9,25.0,83602,9974
594,Power Spot Multiplier,5.0,50000.0,1,15,09/19/2022,04/29/2024,3.9,15.0,166090,19780
595,Power Spot Multiplier,5.0,50000.0,1,15,09/19/2022,04/29/2024,3.9,10.0,305420,37550
596,Power Spot Multiplier,5.0,50000.0,1,15,09/19/2022,04/29/2024,3.9,5.0,479707,61171
597,"$100,000 Crossword",10.0,100000.0,0,7,08/22/2022,02/26/2024,3.09,100000.0,8,0
598,"$100,000 Crossword",10.0,100000.0,0,7,08/22/2022,02/26/2024,3.09,10000.0,13,0
599,"$100,000 Crossword",10.0,100000.0,0,7,08/22/2022,02/26/2024,3.09,1000.0,32,2
600,"$100,000 Crossword",10.0,100000.0,0,7,08/22/2022,02/26/2024,3.09,500.0,547,9
601,"$100,000 Crossword",10.0,100000.0,0,7,08/22/2022,02/26/2024,3.09,100.0,7793,142
602,"$100,000 Crossword",10.0,100000.0,0,7,08/22/2022,02/26/2024,3.09,50.0,180764,3524
603,"$100,000 Crossword",10.0,100000.0,0,7,08/22/2022,02/26/2024,3.09,20.0,214664,4882
604,"$100,000 Crossword",10.0,100000.0,0,7,08/22/2022,02/26/2024,3.09,10.0,465379,15143
605,Ravens X2,2.0,20000.0,0,10,08/22/2022,12/04/2023,3.67,20000.0,6,0
606,Ravens X2,2.0,20000.0,0,10,08/22/2022,12/04/2023,3.67,5000.0,8,1
607,Ravens X2,2.0,20000.0,0,10,08/22/2022,12/04/2023,3.67,1000.0,12,3
608,Ravens X2,2.0,20000.0,0,10,08/22/2022,12/04/2023,3.67,500.0,183,21
609,Ravens X2,2.0,20000.0,0,10,08/22/2022,12/04/2023,3.67,100.0,1072,116
610,Ravens X2,2.0,20000.0,0,10,08/22/2022,12/04/2023,3.67,50.0,5465,554
611,Ravens X2,2.0,20000.0,0,10,08/22/2022,12/04/2023,3.67,20.0,30821,3684
612,Ravens X2,2.0,20000.0,0,10,08/22/2022,12/04/2023,3.67,10.0,61642,7837
613,Ravens X2,2.0,20000.0,0,10,08/22/2022,12/04/2023,3.67,5.0,123275,16114
614,Ravens X2,2.0,20000.0,0,10,08/22/2022,12/04/2023,3.67,3.0,246577,36438
615,Ravens X2,2.0,20000.0,0,10,08/22/2022,12/04/2023,3.67,2.0,369861,57007
616,Ravens X5,5.0,100000.0,2,16,08/22/2022,02/26/2024,3.82,100000.0,7,2
617,Ravens X5,5.0,100000.0,2,16,08/22/2022,02/26/2024,3.82,10000.0,15,0
618,Ravens X5,5.0,100000.0,2,16,08/22/2022,02/26/2024,3.82,1000.0,38,11
619,Ravens X5,5.0,100000.0,2,16,08/22/2022,02/26/2024,3.82,500.0,365,58
620,Ravens X5,5.0,100000.0,2,16,08/22/2022,02/26/2024,3.82,100.0,13277,1650
621,Ravens X5,5.0,100000.0,2,16,08/22/2022,02/26/2024,3.82,50.0,84659,10632
622,Ravens X5,5.0,100000.0,2,16,08/22/2022,02/26/2024,3.82,25.0,114153,15288
623,Ravens X5,5.0,100000.0,2,16,08/22/2022,02/26/2024,3.82,10.0,425897,59540
624,Ravens X5,5.0,100000.0,2,16,08/22/2022,02/26/2024,3.82,5.0,567934,88118
625,"Win $50, $100 or $200",10.0,200.0,242,25,08/22/2022,12/04/2023,9.23,200.0,17510,242
626,"Win $50, $100 or $200",10.0,200.0,242,25,08/22/2022,12/04/2023,9.23,100.0,79597,1054
627,"Win $50, $100 or $200",10.0,200.0,242,25,08/22/2022,12/04/2023,9.23,50.0,246351,4214
628,Double Blackjack,1.0,1000.0,17,4,07/18/2022,10/29/2023,4.57,1000.0,32,17
629,Double Blackjack,1.0,1000.0,17,4,07/18/2022,10/29/2023,4.57,500.0,13,4
630,Double Blackjack,1.0,1000.0,17,4,07/18/2022,10/29/2023,4.57,100.0,1224,490
631,Double Blackjack,1.0,1000.0,17,4,07/18/2022,10/29/2023,4.57,50.0,1525,604
632,Double Blackjack,1.0,1000.0,17,4,07/18/2022,10/29/2023,4.57,30.0,2252,916
633,Double Blackjack,1.0,1000.0,17,4,07/18/2022,10/29/2023,4.57,15.0,9483,3913
634,Double Blackjack,1.0,1000.0,17,4,07/18/2022,10/29/2023,4.57,10.0,42608,17662
635,Double Blackjack,1.0,1000.0,17,4,07/18/2022,10/29/2023,4.57,5.0,113557,48087
636,Double Blackjack,1.0,1000.0,17,4,07/18/2022,10/29/2023,4.57,2.0,265989,117141
637,Double Blackjack,1.0,1000.0,17,4,07/18/2022,10/29/2023,4.57,1.0,465533,210421
638,Extreme Green,5.0,50000.0,1,15,07/18/2022,01/01/2024,3.92,50000.0,8,1
639,Extreme Green,5.0,50000.0,1,15,07/18/2022,01/01/2024,3.92,5000.0,14,2
640,Extreme Green,5.0,50000.0,1,15,07/18/2022,01/01/2024,3.92,1000.0,24,6
641,Extreme Green,5.0,50000.0,1,15,07/18/2022,01/01/2024,3.92,500.0,1069,252
642,Extreme Green,5.0,50000.0,1,15,07/18/2022,01/01/2024,3.92,250.0,2190,494
643,Extreme Green,5.0,50000.0,1,15,07/18/2022,01/01/2024,3.92,100.0,4827,1089
644,Extreme Green,5.0,50000.0,1,15,07/18/2022,01/01/2024,3.92,50.0,74598,16901
645,Extreme Green,5.0,50000.0,1,15,07/18/2022,01/01/2024,3.92,25.0,80056,18550
646,Extreme Green,5.0,50000.0,1,15,07/18/2022,01/01/2024,3.92,15.0,166424,38745
647,Extreme Green,5.0,50000.0,1,15,07/18/2022,01/01/2024,3.92,10.0,303839,72332
648,Extreme Green,5.0,50000.0,1,15,07/18/2022,01/01/2024,3.92,5.0,480584,119135
649,Gold Bar Bingo,5.0,50000.0,2,6,07/18/2022,01/19/2024,3.83,50000.0,8,2
650,Gold Bar Bingo,5.0,50000.0,2,6,07/18/2022,01/19/2024,3.83,10000.0,10,2
651,Gold Bar Bingo,5.0,50000.0,2,6,07/18/2022,01/19/2024,3.83,5000.0,7,0
652,Gold Bar Bingo,5.0,50000.0,2,6,07/18/2022,01/19/2024,3.83,1000.0,130,18
653,Gold Bar Bingo,5.0,50000.0,2,6,07/18/2022,01/19/2024,3.83,500.0,825,113
654,Gold Bar Bingo,5.0,50000.0,2,6,07/18/2022,01/19/2024,3.83,140.0,1152,122
655,Gold Bar Bingo,5.0,50000.0,2,6,07/18/2022,01/19/2024,3.83,100.0,3870,422
656,Gold Bar Bingo,5.0,50000.0,2,6,07/18/2022,01/19/2024,3.83,50.0,49289,6024
657,Gold Bar Bingo,5.0,50000.0,2,6,07/18/2022,01/19/2024,3.83,25.0,64774,7248
658,Gold Bar Bingo,5.0,50000.0,2,6,07/18/2022,01/19/2024,3.83,20.0,129548,15115
659,Gold Bar Bingo,5.0,50000.0,2,6,07/18/2022,01/19/2024,3.83,10.0,356251,45317
660,Gold Bar Bingo,5.0,50000.0,2,6,07/18/2022,01/19/2024,3.83,5.0,407893,53819
661,Million Dollar Mega Multiplier,20.0,1000000.0,2,30,07/18/2022,,3.04,1000000.0,7,2
662,Million Dollar Mega Multiplier,20.0,1000000.0,2,30,07/18/2022,,3.04,50000.0,7,2
663,Million Dollar Mega Multiplier,20.0,1000000.0,2,30,07/18/2022,,3.04,10000.0,141,58
664,Million Dollar Mega Multiplier,20.0,1000000.0,2,30,07/18/2022,,3.04,5000.0,1049,429
665,Million Dollar Mega Multiplier,20.0,1000000.0,2,30,07/18/2022,,3.04,1000.0,310,130
666,Million Dollar Mega Multiplier,20.0,1000000.0,2,30,07/18/2022,,3.04,500.0,3456,1448
667,Million Dollar Mega Multiplier,20.0,1000000.0,2,30,07/18/2022,,3.04,100.0,61265,25915
668,Million Dollar Mega Multiplier,20.0,1000000.0,2,30,07/18/2022,,3.04,50.0,209946,88192
669,Million Dollar Mega Multiplier,20.0,1000000.0,2,30,07/18/2022,,3.04,30.0,195923,82993
670,Million Dollar Mega Multiplier,20.0,1000000.0,2,30,07/18/2022,,3.04,25.0,232621,98840
671,Million Dollar Mega Multiplier,20.0,1000000.0,2,30,07/18/2022,,3.04,20.0,414149,176312
672,Money Rush,10.0,100000.0,0,22,07/18/2022,10/02/2023,3.41,100000.0,8,0
673,Money Rush,10.0,100000.0,0,22,07/18/2022,10/02/2023,3.41,50000.0,9,0
674,Money Rush,10.0,100000.0,0,22,07/18/2022,10/02/2023,3.41,10000.0,30,0
675,Money Rush,10.0,100000.0,0,22,07/18/2022,10/02/2023,3.41,1000.0,45,2
676,Money Rush,10.0,100000.0,0,22,07/18/2022,10/02/2023,3.41,500.0,1268,23
677,Money Rush,10.0,100000.0,0,22,07/18/2022,10/02/2023,3.41,200.0,2501,47
678,Money Rush,10.0,100000.0,0,22,07/18/2022,10/02/2023,3.41,100.0,6107,116
679,Money Rush,10.0,100000.0,0,22,07/18/2022,10/02/2023,3.41,50.0,195053,3247
680,Money Rush,10.0,100000.0,0,22,07/18/2022,10/02/2023,3.41,20.0,134293,2691
681,Money Rush,10.0,100000.0,0,22,07/18/2022,10/02/2023,3.41,15.0,194720,5223
682,Money Rush,10.0,100000.0,0,22,07/18/2022,10/02/2023,3.41,10.0,323430,9024
683,Bingo X10,10.0,100000.0,1,8,06/20/2022,10/02/2023,3.24,100000.0,7,1
684,Bingo X10,10.0,100000.0,1,8,06/20/2022,10/02/2023,3.24,10000.0,16,4
685,Bingo X10,10.0,100000.0,1,8,06/20/2022,10/02/2023,3.24,1000.0,49,17
686,Bingo X10,10.0,100000.0,1,8,06/20/2022,10/02/2023,3.24,500.0,1863,607
687,Bingo X10,10.0,100000.0,1,8,06/20/2022,10/02/2023,3.24,200.0,4137,1354
688,Bingo X10,10.0,100000.0,1,8,06/20/2022,10/02/2023,3.24,100.0,23825,7592
689,Bingo X10,10.0,100000.0,1,8,06/20/2022,10/02/2023,3.24,75.0,25376,8065
690,Bingo X10,10.0,100000.0,1,8,06/20/2022,10/02/2023,3.24,50.0,106677,33932
691,Bingo X10,10.0,100000.0,1,8,06/20/2022,10/02/2023,3.24,20.0,137477,44323
692,Bingo X10,10.0,100000.0,1,8,06/20/2022,10/02/2023,3.24,15.0,253973,82718
693,Bingo X10,10.0,100000.0,1,8,06/20/2022,10/02/2023,3.24,10.0,386399,125776
694,Cash Series,5.0,50000.0,4,15,06/20/2022,12/04/2023,3.97,50000.0,8,4
695,Cash Series,5.0,50000.0,4,15,06/20/2022,12/04/2023,3.97,5000.0,14,5
696,Cash Series,5.0,50000.0,4,15,06/20/2022,12/04/2023,3.97,1000.0,24,8
697,Cash Series,5.0,50000.0,4,15,06/20/2022,12/04/2023,3.97,500.0,1174,452
698,Cash Series,5.0,50000.0,4,15,06/20/2022,12/04/2023,3.97,250.0,2208,868
699,Cash Series,5.0,50000.0,4,15,06/20/2022,12/04/2023,3.97,100.0,5384,2119
700,Cash Series,5.0,50000.0,4,15,06/20/2022,12/04/2023,3.97,50.0,74798,29281
701,Cash Series,5.0,50000.0,4,15,06/20/2022,12/04/2023,3.97,25.0,80068,31651
702,Cash Series,5.0,50000.0,4,15,06/20/2022,12/04/2023,3.97,15.0,164678,65271
703,Cash Series,5.0,50000.0,4,15,06/20/2022,12/04/2023,3.97,10.0,298502,119107
704,Cash Series,5.0,50000.0,4,15,06/20/2022,12/04/2023,3.97,5.0,473168,192524
705,Diamond Bingo,3.0,30000.0,1,4,06/20/2022,01/01/2024,3.82,30000.0,7,1
706,Diamond Bingo,3.0,30000.0,1,4,06/20/2022,01/01/2024,3.82,1000.0,132,42
707,Diamond Bingo,3.0,30000.0,1,4,06/20/2022,01/01/2024,3.82,500.0,712,179
708,Diamond Bingo,3.0,30000.0,1,4,06/20/2022,01/01/2024,3.82,100.0,4646,1224
709,Diamond Bingo,3.0,30000.0,1,4,06/20/2022,01/01/2024,3.82,50.0,7800,2113
710,Diamond Bingo,3.0,30000.0,1,4,06/20/2022,01/01/2024,3.82,30.0,39899,10154
711,Diamond Bingo,3.0,30000.0,1,4,06/20/2022,01/01/2024,3.82,15.0,119697,31599
712,Diamond Bingo,3.0,30000.0,1,4,06/20/2022,01/01/2024,3.82,5.0,472975,127443
713,Diamond Bingo,3.0,30000.0,1,4,06/20/2022,01/01/2024,3.82,3.0,398881,108848
714,"Show Me $10,000!",2.0,10000.0,2,10,05/23/2022,01/01/2024,4.27,10000.0,7,2
715,"Show Me $10,000!",2.0,10000.0,2,10,05/23/2022,01/01/2024,4.27,5000.0,6,1
716,"Show Me $10,000!",2.0,10000.0,2,10,05/23/2022,01/01/2024,4.27,1000.0,12,4
717,"Show Me $10,000!",2.0,10000.0,2,10,05/23/2022,01/01/2024,4.27,500.0,134,32
718,"Show Me $10,000!",2.0,10000.0,2,10,05/23/2022,01/01/2024,4.27,100.0,1484,348
719,"Show Me $10,000!",2.0,10000.0,2,10,05/23/2022,01/01/2024,4.27,50.0,1345,302
720,"Show Me $10,000!",2.0,10000.0,2,10,05/23/2022,01/01/2024,4.27,20.0,20853,4768
721,"Show Me $10,000!",2.0,10000.0,2,10,05/23/2022,01/01/2024,4.27,10.0,44642,10492
722,"Show Me $10,000!",2.0,10000.0,2,10,05/23/2022,01/01/2024,4.27,5.0,102248,25407
723,"Show Me $10,000!",2.0,10000.0,2,10,05/23/2022,01/01/2024,4.27,4.0,571076,144511
724,"Show Me $100,000!",10.0,100000.0,1,25,05/23/2022,,3.77,100000.0,7,1
725,"Show Me $100,000!",10.0,100000.0,1,25,05/23/2022,,3.77,50000.0,5,1
726,"Show Me $100,000!",10.0,100000.0,1,25,05/23/2022,,3.77,10000.0,15,1
727,"Show Me $100,000!",10.0,100000.0,1,25,05/23/2022,,3.77,1000.0,20,5
728,"Show Me $100,000!",10.0,100000.0,1,25,05/23/2022,,3.77,500.0,961,161
729,"Show Me $100,000!",10.0,100000.0,1,25,05/23/2022,,3.77,200.0,1018,182
730,"Show Me $100,000!",10.0,100000.0,1,25,05/23/2022,,3.77,100.0,10457,1744
731,"Show Me $100,000!",10.0,100000.0,1,25,05/23/2022,,3.77,50.0,126826,21869
732,"Show Me $100,000!",10.0,100000.0,1,25,05/23/2022,,3.77,20.0,636938,111470
733,"Show Me $50,000!",5.0,50000.0,3,15,05/23/2022,01/29/2024,3.99,50000.0,7,3
734,"Show Me $50,000!",5.0,50000.0,3,15,05/23/2022,01/29/2024,3.99,5000.0,15,5
735,"Show Me $50,000!",5.0,50000.0,3,15,05/23/2022,01/29/2024,3.99,1000.0,28,10
736,"Show Me $50,000!",5.0,50000.0,3,15,05/23/2022,01/29/2024,3.99,500.0,694,248
737,"Show Me $50,000!",5.0,50000.0,3,15,05/23/2022,01/29/2024,3.99,100.0,5559,1955
738,"Show Me $50,000!",5.0,50000.0,3,15,05/23/2022,01/29/2024,3.99,50.0,26580,9082
739,"Show Me $50,000!",5.0,50000.0,3,15,05/23/2022,01/29/2024,3.99,25.0,82784,28474
740,"Show Me $50,000!",5.0,50000.0,3,15,05/23/2022,01/29/2024,3.99,15.0,236584,82641
741,"Show Me $50,000!",5.0,50000.0,3,15,05/23/2022,01/29/2024,3.99,10.0,742455,260536
742,Blazing Hot Cash,2.0,10000.0,2,10,04/18/2022,10/02/2023,4.06,10000.0,7,2
743,Blazing Hot Cash,2.0,10000.0,2,10,04/18/2022,10/02/2023,4.06,5000.0,5,1
744,Blazing Hot Cash,2.0,10000.0,2,10,04/18/2022,10/02/2023,4.06,1000.0,11,4
745,Blazing Hot Cash,2.0,10000.0,2,10,04/18/2022,10/02/2023,4.06,500.0,215,57
746,Blazing Hot Cash,2.0,10000.0,2,10,04/18/2022,10/02/2023,4.06,100.0,1824,515
747,Blazing Hot Cash,2.0,10000.0,2,10,04/18/2022,10/02/2023,4.06,50.0,6098,1643
748,Blazing Hot Cash,2.0,10000.0,2,10,04/18/2022,10/02/2023,4.06,20.0,44995,12453
749,Blazing Hot Cash,2.0,10000.0,2,10,04/18/2022,10/02/2023,4.06,10.0,57369,16190
750,Blazing Hot Cash,2.0,10000.0,2,10,04/18/2022,10/02/2023,4.06,5.0,102042,29688
751,Blazing Hot Cash,2.0,10000.0,2,10,04/18/2022,10/02/2023,4.06,3.0,237149,73045
752,Blazing Hot Cash,2.0,10000.0,2,10,04/18/2022,10/02/2023,4.06,2.0,329635,103496
753,"Show Me $1,000,000!",20.0,1000000.0,2,30,04/18/2022,04/01/2024,3.32,1000000.0,6,2
754,"Show Me $1,000,000!",20.0,1000000.0,2,30,04/18/2022,04/01/2024,3.32,50000.0,6,2
755,"Show Me $1,000,000!",20.0,1000000.0,2,30,04/18/2022,04/01/2024,3.32,10000.0,85,40
756,"Show Me $1,000,000!",20.0,1000000.0,2,30,04/18/2022,04/01/2024,3.32,5000.0,141,59
757,"Show Me $1,000,000!",20.0,1000000.0,2,30,04/18/2022,04/01/2024,3.32,1000.0,168,78
758,"Show Me $1,000,000!",20.0,1000000.0,2,30,04/18/2022,04/01/2024,3.32,500.0,486,225
759,"Show Me $1,000,000!",20.0,1000000.0,2,30,04/18/2022,04/01/2024,3.32,100.0,32759,14950
760,"Show Me $1,000,000!",20.0,1000000.0,2,30,04/18/2022,04/01/2024,3.32,50.0,142225,64708
761,"Show Me $1,000,000!",20.0,1000000.0,2,30,04/18/2022,04/01/2024,3.32,40.0,851482,387646
762,Fat Wallet,5.0,50000.0,1,15,03/21/2022,10/29/2023,3.92,50000.0,8,1
763,Fat Wallet,5.0,50000.0,1,15,03/21/2022,10/29/2023,3.92,5000.0,14,4
764,Fat Wallet,5.0,50000.0,1,15,03/21/2022,10/29/2023,3.92,1000.0,24,4
765,Fat Wallet,5.0,50000.0,1,15,03/21/2022,10/29/2023,3.92,500.0,1070,178
766,Fat Wallet,5.0,50000.0,1,15,03/21/2022,10/29/2023,3.92,250.0,2212,366
767,Fat Wallet,5.0,50000.0,1,15,03/21/2022,10/29/2023,3.92,100.0,4826,776
768,Fat Wallet,5.0,50000.0,1,15,03/21/2022,10/29/2023,3.92,50.0,74630,11733
769,Fat Wallet,5.0,50000.0,1,15,03/21/2022,10/29/2023,3.92,25.0,80096,13020
770,Fat Wallet,5.0,50000.0,1,15,03/21/2022,10/29/2023,3.92,15.0,166469,27084
771,Fat Wallet,5.0,50000.0,1,15,03/21/2022,10/29/2023,3.92,10.0,304022,50843
772,Fat Wallet,5.0,50000.0,1,15,03/21/2022,10/29/2023,3.92,5.0,480441,85384
773,Mega 7s,10.0,100000.0,3,38,03/21/2022,10/29/2023,3.5,100000.0,9,3
774,Mega 7s,10.0,100000.0,3,38,03/21/2022,10/29/2023,3.5,10000.0,32,12
775,Mega 7s,10.0,100000.0,3,38,03/21/2022,10/29/2023,3.5,1000.0,49,17
776,Mega 7s,10.0,100000.0,3,38,03/21/2022,10/29/2023,3.5,500.0,1238,460
777,Mega 7s,10.0,100000.0,3,38,03/21/2022,10/29/2023,3.5,200.0,2438,892
778,Mega 7s,10.0,100000.0,3,38,03/21/2022,10/29/2023,3.5,100.0,10044,3625
779,Mega 7s,10.0,100000.0,3,38,03/21/2022,10/29/2023,3.5,50.0,202137,73043
780,Mega 7s,10.0,100000.0,3,38,03/21/2022,10/29/2023,3.5,20.0,144582,52563
781,Mega 7s,10.0,100000.0,3,38,03/21/2022,10/29/2023,3.5,15.0,159875,58830
782,Mega 7s,10.0,100000.0,3,38,03/21/2022,10/29/2023,3.5,10.0,317074,116962
783,SKEE-BALL®,3.0,30000.0,0,10,03/21/2022,10/02/2023,3.98,30000.0,8,0
784,SKEE-BALL®,3.0,30000.0,0,10,03/21/2022,10/02/2023,3.98,1000.0,16,1
785,SKEE-BALL®,3.0,30000.0,0,10,03/21/2022,10/02/2023,3.98,150.0,289,4
786,SKEE-BALL®,3.0,30000.0,0,10,03/21/2022,10/02/2023,3.98,100.0,2985,110
787,SKEE-BALL®,3.0,30000.0,0,10,03/21/2022,10/02/2023,3.98,80.0,578,20
788,SKEE-BALL®,3.0,30000.0,0,10,03/21/2022,10/02/2023,3.98,50.0,10498,530
789,SKEE-BALL®,3.0,30000.0,0,10,03/21/2022,10/02/2023,3.98,30.0,44789,1958
790,SKEE-BALL®,3.0,30000.0,0,10,03/21/2022,10/02/2023,3.98,15.0,68850,3566
791,SKEE-BALL®,3.0,30000.0,0,10,03/21/2022,10/02/2023,3.98,10.0,85915,5101
792,SKEE-BALL®,3.0,30000.0,0,10,03/21/2022,10/02/2023,3.98,5.0,280595,19600
793,SKEE-BALL®,3.0,30000.0,0,10,03/21/2022,10/02/2023,3.98,3.0,359753,35640
794,"$2,000,000 Gold Rush",30.0,2000000.0,1,43,02/21/2022,,2.9,2000000.0,5,1
795,"$2,000,000 Gold Rush",30.0,2000000.0,1,43,02/21/2022,,2.9,50000.0,8,1
796,"$2,000,000 Gold Rush",30.0,2000000.0,1,43,02/21/2022,,2.9,5000.0,9,2
797,"$2,000,000 Gold Rush",30.0,2000000.0,1,43,02/21/2022,,2.9,500.0,15680,2511
798,"$2,000,000 Gold Rush",30.0,2000000.0,1,43,02/21/2022,,2.9,200.0,62046,10020
799,"$2,000,000 Gold Rush",30.0,2000000.0,1,43,02/21/2022,,2.9,100.0,161495,26106
800,"$2,000,000 Gold Rush",30.0,2000000.0,1,43,02/21/2022,,2.9,50.0,208462,34440
801,"$2,000,000 Gold Rush",30.0,2000000.0,1,43,02/21/2022,,2.9,40.0,296382,49256
802,"$2,000,000 Gold Rush",30.0,2000000.0,1,43,02/21/2022,,2.9,30.0,469706,78306
803,Big Cash Riches,10.0,100000.0,0,25,12/27/2021,10/02/2023,3.37,100000.0,8,0
804,Big Cash Riches,10.0,100000.0,0,25,12/27/2021,10/02/2023,3.37,20000.0,11,0
805,Big Cash Riches,10.0,100000.0,0,25,12/27/2021,10/02/2023,3.37,10000.0,24,1
806,Big Cash Riches,10.0,100000.0,0,25,12/27/2021,10/02/2023,3.37,1000.0,49,4
807,Big Cash Riches,10.0,100000.0,0,25,12/27/2021,10/02/2023,3.37,500.0,1127,82
808,Big Cash Riches,10.0,100000.0,0,25,12/27/2021,10/02/2023,3.37,200.0,2651,194
809,Big Cash Riches,10.0,100000.0,0,25,12/27/2021,10/02/2023,3.37,100.0,7219,525
810,Big Cash Riches,10.0,100000.0,0,25,12/27/2021,10/02/2023,3.37,50.0,197865,14149
811,Big Cash Riches,10.0,100000.0,0,25,12/27/2021,10/02/2023,3.37,20.0,134256,10372
812,Big Cash Riches,10.0,100000.0,0,25,12/27/2021,10/02/2023,3.37,15.0,196358,16368
813,Big Cash Riches,10.0,100000.0,0,25,12/27/2021,10/02/2023,3.37,10.0,329316,28248
814,Power 10s,10.0,100000.0,0,28,11/15/2021,02/26/2024,3.31,100000.0,8,0
815,Power 10s,10.0,100000.0,0,28,11/15/2021,02/26/2024,3.31,10000.0,20,0
816,Power 10s,10.0,100000.0,0,28,11/15/2021,02/26/2024,3.31,1000.0,49,1
817,Power 10s,10.0,100000.0,0,28,11/15/2021,02/26/2024,3.31,500.0,1708,30
818,Power 10s,10.0,100000.0,0,28,11/15/2021,02/26/2024,3.31,100.0,23162,591
819,Power 10s,10.0,100000.0,0,28,11/15/2021,02/26/2024,3.31,50.0,175463,4861
820,Power 10s,10.0,100000.0,0,28,11/15/2021,02/26/2024,3.31,20.0,94703,3107
821,Power 10s,10.0,100000.0,0,28,11/15/2021,02/26/2024,3.31,15.0,231237,8236
822,Power 10s,10.0,100000.0,0,28,11/15/2021,02/26/2024,3.31,10.0,356937,13675
823,"$100,000 Lucky",30.0,100000.0,28,43,09/20/2021,04/29/2024,2.79,100000.0,65,28
824,"$100,000 Lucky",30.0,100000.0,28,43,09/20/2021,04/29/2024,2.79,5000.0,40,18
825,"$100,000 Lucky",30.0,100000.0,28,43,09/20/2021,04/29/2024,2.79,500.0,17800,7510
826,"$100,000 Lucky",30.0,100000.0,28,43,09/20/2021,04/29/2024,2.79,200.0,64445,27127
827,"$100,000 Lucky",30.0,100000.0,28,43,09/20/2021,04/29/2024,2.79,100.0,171522,72312
828,"$100,000 Lucky",30.0,100000.0,28,43,09/20/2021,04/29/2024,2.79,50.0,223652,94764
829,"$100,000 Lucky",30.0,100000.0,28,43,09/20/2021,04/29/2024,2.79,40.0,300390,127357
830,"$100,000 Lucky",30.0,100000.0,28,43,09/20/2021,04/29/2024,2.79,30.0,486169,206402
831,Money Explosion,20.0,1000000.0,1,32,07/19/2021,10/02/2023,3.02,1000000.0,7,1
832,Money Explosion,20.0,1000000.0,1,32,07/19/2021,10/02/2023,3.02,50000.0,8,2
833,Money Explosion,20.0,1000000.0,1,32,07/19/2021,10/02/2023,3.02,10000.0,112,17
834,Money Explosion,20.0,1000000.0,1,32,07/19/2021,10/02/2023,3.02,5000.0,196,34
835,Money Explosion,20.0,1000000.0,1,32,07/19/2021,10/02/2023,3.02,1000.0,3524,693
836,Money Explosion,20.0,1000000.0,1,32,07/19/2021,10/02/2023,3.02,500.0,7126,1141
837,Money Explosion,20.0,1000000.0,1,32,07/19/2021,10/02/2023,3.02,100.0,66078,10603
838,Money Explosion,20.0,1000000.0,1,32,07/19/2021,10/02/2023,3.02,50.0,211160,33743
839,Money Explosion,20.0,1000000.0,1,32,07/19/2021,10/02/2023,3.02,30.0,187324,30587
840,Money Explosion,20.0,1000000.0,1,32,07/19/2021,10/02/2023,3.02,25.0,226461,37413
841,Money Explosion,20.0,1000000.0,1,32,07/19/2021,10/02/2023,3.02,20.0,408481,67431
842,"$100,000 Extreme Cash",30.0,100000.0,4,44,09/21/2020,12/04/2023,2.79,100000.0,64,4
843,"$100,000 Extreme Cash",30.0,100000.0,4,44,09/21/2020,12/04/2023,2.79,5000.0,40,2
844,"$100,000 Extreme Cash",30.0,100000.0,4,44,09/21/2020,12/04/2023,2.79,500.0,17538,158
845,"$100,000 Extreme Cash",30.0,100000.0,4,44,09/21/2020,12/04/2023,2.79,200.0,63880,579
846,"$100,000 Extreme Cash",30.0,100000.0,4,44,09/21/2020,12/04/2023,2.79,100.0,169716,1699
847,"$100,000 Extreme Cash",30.0,100000.0,4,44,09/21/2020,12/04/2023,2.79,50.0,221329,2545
848,"$100,000 Extreme Cash",30.0,100000.0,4,44,09/21/2020,12/04/2023,2.79,40.0,297521,4400
849,"$100,000 Extreme Cash",30.0,100000.0,4,44,09/21/2020,12/04/2023,2.79,30.0,480897,6350
850,Bonus Bingo X20,20.0,500000.0,3,10,08/24/2020,,2.96,500000.0,8,3
851,Bonus Bingo X20,20.0,500000.0,3,10,08/24/2020,,2.96,50000.0,7,2
852,Bonus Bingo X20,20.0,500000.0,3,10,08/24/2020,,2.96,10000.0,140,30
853,Bonus Bingo X20,20.0,500000.0,3,10,08/24/2020,,2.96,5000.0,171,47
854,Bonus Bingo X20,20.0,500000.0,3,10,08/24/2020,,2.96,1000.0,510,127
855,Bonus Bingo X20,20.0,500000.0,3,10,08/24/2020,,2.96,500.0,7067,1641
856,Bonus Bingo X20,20.0,500000.0,3,10,08/24/2020,,2.96,200.0,12750,2956
857,Bonus Bingo X20,20.0,500000.0,3,10,08/24/2020,,2.96,100.0,63668,14550
858,Bonus Bingo X20,20.0,500000.0,3,10,08/24/2020,,2.96,75.0,51784,11925
859,Bonus Bingo X20,20.0,500000.0,3,10,08/24/2020,,2.96,50.0,179341,41602
860,Bonus Bingo X20,20.0,500000.0,3,10,08/24/2020,,2.96,30.0,124798,28910
861,Bonus Bingo X20,20.0,500000.0,3,10,08/24/2020,,2.96,25.0,262221,60853
862,Bonus Bingo X20,20.0,500000.0,3,10,08/24/2020,,2.96,20.0,444682,103430
863,"$500,000 Crossword",20.0,500000.0,2,8,09/23/2019,,2.84,500000.0,8,2
864,"$500,000 Crossword",20.0,500000.0,2,8,09/23/2019,,2.84,50000.0,10,1
865,"$500,000 Crossword",20.0,500000.0,2,8,09/23/2019,,2.84,10000.0,30,3
866,"$500,000 Crossword",20.0,500000.0,2,8,09/23/2019,,2.84,1000.0,931,91
867,"$500,000 Crossword",20.0,500000.0,2,8,09/23/2019,,2.84,500.0,6905,546
868,"$500,000 Crossword",20.0,500000.0,2,8,09/23/2019,,2.84,200.0,26241,2100
869,"$500,000 Crossword",20.0,500000.0,2,8,09/23/2019,,2.84,100.0,47112,3712
870,"$500,000 Crossword",20.0,500000.0,2,8,09/23/2019,,2.84,50.0,330549,26040
871,"$500,000 Crossword",20.0,500000.0,2,8,09/23/2019,,2.84,20.0,781066,66759
